"Blog","Handle","Title","Body HTML","Summary","Tags","Published At","Updated At","Image Src","Image Alt Text","SEO Title","SEO Description"
"news","how-to-choose-gel-nails-for-daily-life","ทำเล็บเจลให้สวยและใช้ชีวิตง่าย ต้องเลือกจากอะไร","<p>เล็บเจลที่ดีไม่ควรสวยแค่ตอนถ่ายรูป แต่ควรทำให้คุณใช้ชีวิตจริงได้คล่องขึ้นด้วย โดยเฉพาะถ้าคุณต้องพิมพ์งาน ใช้มือถือ หยิบของ ทำงานบริการ หรือทำงานบ้านเป็นประจำ</p>
<h2>เริ่มจากชีวิตประจำวัน ไม่ใช่จากรูปอย่างเดียว</h2>
<p>ก่อนเลือกแบบ ให้ตอบตัวเองก่อนว่าในหนึ่งวันคุณใช้มือทำอะไรบ่อยที่สุด</p>
<ul>
<li>พิมพ์คอมพิวเตอร์หรือแชตทั้งวัน</li>
<li>หยิบเหรียญ บัตร หรือของชิ้นเล็ก</li>
<li>ทำงานบริการที่ต้องจับของตลอด</li>
<li>ทำงานบ้านหรือดูแลคนในบ้าน</li>
<li>ต้องการให้มือดูสะอาดในที่ทำงาน</li>
</ul>
<p>คำตอบนี้จะช่วยให้เลือกความยาว ทรง และดีเทลได้แม่นกว่าการดูรูป reference อย่างเดียว</p>
<h2>ความยาวคือจุดที่กระทบชีวิตจริงเร็วที่สุด</h2>
<p>เล็บยาวช่วยให้มือดูเรียวขึ้นได้ แต่ถ้ายาวเกินชีวิตประจำวัน ปัญหาจะเกิดตอนใช้มือจริง เช่น พิมพ์ผิด กดมือถือยาก หยิบของลำบาก หรือรู้สึกต้องระวังมือตลอด</p>
<p>ถ้ายังไม่แน่ใจ ให้เริ่มจากความยาวที่เพิ่มจากเล็บเดิมไม่มาก แล้วค่อยปรับในรอบถัดไป</p>
<h2>ทรงเล็บต้องเข้ากับนิ้วและงานที่ใช้มือ</h2>
<p>ทรงเล็บที่ดูสวยบนมือคนอื่นอาจไม่เหมาะกับนิ้วและ routine ของคุณเสมอไป</p>
<ul>
<li>ทรงมนช่วยให้ลุคอ่อนและใช้งานง่าย</li>
<li>ทรงเหลี่ยมดูสะอาด แต่บางคนอาจรู้สึกขอบชัด</li>
<li>ทรงอัลมอนด์ช่วยให้มือดูเรียว แต่ต้องดูความยาวร่วมด้วย</li>
</ul>
<p>สิ่งสำคัญคือไม่เลือกทรงจากความสวยอย่างเดียว แต่ดูว่าทรงนั้นทำให้มือของคุณดูดีและใช้ชีวิตได้จริงหรือไม่</p>
<h2>สีเล็บควรดูจากผิวมือและบริบทการใช้ชีวิต</h2>
<p>สีชมพู นู้ด นม และโทนสะอาดมักดูเรียบร้อย แต่ผลลัพธ์จริงขึ้นกับสีผิวมือ ความยาวเล็บ และสภาพหน้าเล็บเดิม</p>
<p>ถ้าต้องการเล็บที่ดูสุภาพและใช้งานได้หลายโอกาส ให้เลือกสีที่ไม่ตัดกับมือแรงเกินไป และไม่ต้องดูแลยากเกินงบหรือเวลาที่มี</p>
<h2>Jup POV</h2>
<p>[Jup POV] + [advice: อธิบายว่าก่อนทำเล็บควรถาม routine ของลูกค้า ความยาวที่รับได้ งานที่ใช้มือ และภาพลักษณ์ที่ลูกค้าอยากได้]</p>
<h2>คำถามที่ควรถามก่อนทำเล็บเจล</h2>
<ol>
<li>แบบนี้ใช้มือถือและพิมพ์งานสะดวกไหม</li>
<li>ความยาวนี้เหมาะกับงานของเราหรือเปล่า</li>
<li>สีนี้ทำให้มือดูสะอาดจริงไหม</li>
<li>ดีเทลนูนหรืออะไหล่จะเกี่ยวผมหรือเสื้อไหม</li>
<li>ถ้าต้องการถอดหรือเปลี่ยนเร็ว แบบนี้ดูแลง่ายไหม</li>
</ol>
<p>สรุปคือ ให้ใช้รูป reference เป็นจุดเริ่มต้น แต่ให้ชีวิตจริงเป็นตัวตัดสินสุดท้าย</p>
","ก่อนทำเล็บเจล อย่าดูแค่รูป reference ให้เช็กงานที่ทำในแต่ละวัน ความยาว ทรง สี และดีเทลที่จะกระทบการใช้มือจริง","nails, gel-nails, TOFU, education","2026-05-28","2026-05-28","/images/hero-nails.png","เล็บเจลสีชมพูบนมือผู้หญิง","ทำเล็บเจลให้สวยและใช้ชีวิตง่าย ต้องเลือกจากอะไร | Beautifill","คู่มือเลือกเล็บเจลจากชีวิตจริง: ความยาว ทรง สี ดีเทล งานที่ต้องใช้มือ และคำถามที่ควรถามก่อนทำเล็บ"
"news","how-to-choose-nail-salon-checklist","เลือกร้านทำเล็บยังไงให้ปลอดภัยและไว้ใจได้มากขึ้น","<p>การเลือกร้านทำเล็บไม่ควรดูแค่รูปผลงาน เพราะรูปสวยบอกได้เพียงผลลัพธ์บางส่วน แต่ไม่ได้บอกว่าร้านประเมินเล็บอย่างไร สื่อสารชัดไหม ดูแลความสะอาดแค่ไหน และรับมืออย่างไรถ้าแบบที่คุณอยากทำไม่เหมาะกับชีวิตจริง</p>
<h2>เช็กที่ 1: ร้านถามก่อนทำหรือไม่</h2>
<p>ร้านที่น่าไว้ใจควรถามมากกว่าคำว่า “เอาสีอะไร” โดยเฉพาะถ้าคุณมี reference ชัดมาก หรือมีข้อจำกัดเรื่องงานและชีวิตประจำวัน</p>
<p>คำถามที่ควรถูกถาม:</p>
<ul>
<li>ใช้มือทำงานอะไรบ่อย</li>
<li>อยากได้ความยาวประมาณไหน</li>
<li>เคยเล็บหลุด เล็บบาง หรือแพ้อะไรมาก่อนไหม</li>
<li>ต้องการลุคสุภาพ ใช้ทำงาน หรือเน้นถ่ายรูป</li>
</ul>
<h2>เช็กที่ 2: ร้านอธิบายข้อจำกัดของ reference ได้ไหม</h2>
<p>reference ที่สวยมากอาจต้องปรับให้เข้ากับมือจริง ร้านที่ดีควรอธิบายได้ว่าอะไรควรคงไว้ อะไรควรลด และอะไรอาจทำให้ใช้ชีวิตยาก</p>
<h2>เช็กที่ 3: ความสะอาดและอุปกรณ์</h2>
<p>ลูกค้าควรสังเกตความสะอาดของโต๊ะ อุปกรณ์ ผ้ารองมือ และขั้นตอนระหว่างทำ ถ้าไม่แน่ใจ ควรถามร้านโดยตรงว่ามีวิธีทำความสะอาดหรือจัดการอุปกรณ์อย่างไร</p>
<h2>เช็กที่ 4: ราคาและเงื่อนไขต้องชัด</h2>
<p>ราคาควรบอกได้ว่ารวมอะไร ไม่รวมอะไร และมีค่าเพิ่มตรงไหน เช่น ถอดสีเก่า ลาย อะไหล่ หรือซ่อมหลังทำ</p>
<h2>Jup POV</h2>
<p>[Jup POV] + [advice: อธิบายมาตรฐานที่ Jup อยากให้ลูกค้าเช็กก่อนทำเล็บ และวิธีคุยกับร้านโดยไม่ต้องเกรงใจ]</p>
<h2>สรุป checklist ก่อนจองร้าน</h2>
<ul>
<li>ร้านถาม routine และสภาพเล็บก่อนทำ</li>
<li>อธิบายได้ว่า reference ควรปรับตรงไหน</li>
<li>ขั้นตอนและราคาไม่คลุมเครือ</li>
<li>โต๊ะและอุปกรณ์ดูสะอาด</li>
<li>มีเงื่อนไขหลังทำที่เข้าใจได้</li>
</ul>
<p>ร้านที่ดีไม่ใช่ร้านที่รับทำทุกแบบทันที แต่คือร้านที่ช่วยให้คุณเลือกแบบที่สวยและเหมาะกับชีวิตจริงมากขึ้น</p>
","ก่อนเลือกร้านทำเล็บ ให้เช็กความสะอาด การสื่อสาร ขั้นตอนประเมินเล็บ ผลงานจริง และเงื่อนไขหลังทำ","nails, salon-checklist, MOFU, education","2026-05-28","2026-05-28","/images/thumbnail-nail-tools.png","อุปกรณ์ทำเล็บที่จัดวางสะอาดบนโต๊ะ","เลือกร้านทำเล็บยังไงให้ปลอดภัยและไว้ใจได้ | Beautifill","Checklist เลือกร้านทำเล็บ: ความสะอาด การประเมินเล็บ การสื่อสาร ผลงานจริง ราคา และเงื่อนไขแก้ไขหลังทำ"
"news","is-99-baht-gel-nail-worth-it","ทำเล็บเจล 99 บาท คุ้มไหม ต้องดูอะไรนอกจากราคา","<p>ทำเล็บเจล 99 บาทอาจคุ้มสำหรับบางคน และอาจไม่คุ้มสำหรับบางเคส คำตอบไม่ได้อยู่ที่ราคาถูกหรือแพงอย่างเดียว แต่อยู่ที่ราคานั้นรวมอะไร ใช้กับความต้องการแบบไหน และมีความเสี่ยงต้องแก้ภายหลังหรือไม่</p>
<h2>เริ่มจากถามว่าราคานี้รวมอะไร</h2>
<p>ก่อนตัดสินใจจากราคา ให้ถามให้ชัดว่าบริการรวมอะไรบ้าง</p>
<ul>
<li>รวมถอดสีเก่าหรือไม่</li>
<li>รวมตัดหนังหรือทำความสะอาดพื้นฐานไหม</li>
<li>เลือกสีได้กี่สี</li>
<li>มีค่าเพิ่มสำหรับลาย อะไหล่ หรือสีพิเศษไหม</li>
<li>ถ้าหลุดเร็ว มีเงื่อนไขแก้ไขหรือรับประกันอย่างไร</li>
</ul>
<p>ถ้าคำตอบไม่ชัด ราคาถูกอาจกลายเป็นราคาที่ต้องบวกเพิ่มทีหลัง</p>
<h2>ถูกไม่ได้แปลว่าแย่ แพงไม่ได้แปลว่าดี</h2>
<p>ราคาถูกอาจเหมาะกับคนที่ต้องการสีพื้นง่าย ๆ เปลี่ยนบ่อย และไม่ได้ต้องการงานซับซ้อน ส่วนราคาสูงกว่าอาจเหมาะกับเคสที่ต้องใช้เวลาออกแบบ แก้ทรง ปรับสี หรือดูสภาพเล็บละเอียดขึ้น</p>
<p>สิ่งที่ควรดูคือ “ราคานั้นเหมาะกับงานที่เราต้องการไหม”</p>
<h2>งานสีพื้นก็ยังต้องดูขั้นตอน</h2>
<p>ถึงจะเป็นสีพื้น ขั้นตอนพื้นฐานยังสำคัญ เช่น ความสะอาด การเตรียมเล็บ ความเรียบร้อยของขอบสี และคำแนะนำหลังทำ ถ้าขั้นตอนเร่งเกินไป ผลลัพธ์อาจไม่ตรงกับที่คาดหวัง</p>
<h2>Jup POV</h2>
<p>[Jup POV] + [advice: อธิบายว่าโปรราคาถูกเหมาะกับเคสแบบไหน และเคสไหนควรคุยรายละเอียดก่อนจอง]</p>
<h2>Checklist ก่อนจองโปรทำเล็บ</h2>
<ol>
<li>โปรนี้รวมบริการอะไรบ้าง</li>
<li>มีค่าเพิ่มจุดไหน</li>
<li>สีที่อยากได้อยู่ในโปรไหม</li>
<li>ถ้าหน้าเล็บเดิมมีปัญหา ราคานี้ยังเหมาะไหม</li>
<li>ถ้างานหลุดหรือมีปัญหา มีเงื่อนไขแก้ไขหรือไม่</li>
</ol>
<p>สรุปคือ 99 บาทอาจคุ้ม ถ้าความต้องการของคุณตรงกับสิ่งที่โปรให้จริง และคุณเข้าใจเงื่อนไขก่อนจอง</p>
","ราคาทำเล็บถูกหรือแพงไม่ได้ตอบทุกอย่าง ให้ดูสิ่งที่รวมในบริการ เวลา ขั้นตอน ความสะอาด ความเหมาะกับงาน และความเสี่ยงที่อาจต้องแก้ภายหลัง","nails, price-and-value, TOFU, price","2026-05-28","2026-05-28","/images/thumbnail-nail-tools.png","โต๊ะทำเล็บพร้อมสีและอุปกรณ์ในโทนชมพู","ทำเล็บเจล 99 บาท คุ้มไหม ต้องดูอะไรนอกจากราคา | Beautifill","วิธีคิดเรื่องราคาทำเล็บเจล 99 บาทแบบ practical: ดูสิ่งที่ได้ ขั้นตอน ความสะอาด เวลา และความเสี่ยงก่อนตัดสินใจ"
"news","nail-damage-after-gel-what-to-check","ทำเล็บแล้วเล็บบางหรือเล็บพัง ควรเช็กอะไรก่อนโทษสีเจล","<p>ถ้าทำเล็บแล้วรู้สึกว่าเล็บบาง เปราะ หรือพัง อย่าเพิ่งสรุปทันทีว่าเกิดจาก “สีเจล” อย่างเดียว เพราะปัญหาอาจเกี่ยวกับหลายขั้นตอน ตั้งแต่สภาพเล็บเดิม การเตรียมหน้าเล็บ วิธีถอด หรือพฤติกรรมหลังทำเล็บ</p>
<p>บทความนี้ไม่ใช่การวินิจฉัยโรค ถ้ามีอาการเจ็บ บวม แดง คัน แสบร้อน หรือสงสัยการติดเชื้อ ควรปรึกษาแพทย์หรือผู้เชี่ยวชาญด้านสุขภาพ</p>
<h2>จุดที่ 1: สภาพเล็บเดิมก่อนทำ</h2>
<p>เล็บแต่ละคนไม่เหมือนกัน บางคนหน้าเล็บบางอยู่แล้ว บางคนเล็บแห้ง เปราะ หรือเคยถอดเล็บแบบรีบมาก่อน ถ้าไม่ประเมินก่อนทำ อาจเลือกบริการหรือวิธีเตรียมเล็บที่ไม่เหมาะกับสภาพจริง</p>
<p>สิ่งที่ควรถามร้าน:</p>
<ul>
<li>หน้าเล็บเราบางหรือเปราะอยู่ไหม</li>
<li>รอบนี้ควรพักเล็บหรือทำแบบที่อ่อนลงไหม</li>
<li>มีจุดไหนที่ไม่ควรตะไบเพิ่มหรือไม่</li>
</ul>
<h2>จุดที่ 2: การเตรียมหน้าเล็บ</h2>
<p>การเตรียมหน้าเล็บมีผลกับความติดทน แต่ถ้าทำแรงหรือมากเกินไปก็อาจทำให้เล็บรู้สึกบางลงได้ จุดนี้ต้องอาศัย judgment ของช่างและการสื่อสารกับลูกค้า</p>
<p>สิ่งที่ควรถามร้าน:</p>
<ul>
<li>จำเป็นต้องตะไบหน้าเล็บมากแค่ไหน</li>
<li>ถ้าเล็บบางอยู่แล้ว มีวิธีลดการรบกวนหน้าเล็บไหม</li>
</ul>
<h2>จุดที่ 3: การถอดเล็บเจล</h2>
<p>หลายปัญหาไม่ได้เกิดตอนลงสี แต่เกิดตอนถอด โดยเฉพาะการแกะ ดึง หรือขูดเองแรง ๆ เพราะอาจดึงผิวหน้าเล็บติดออกไปด้วย</p>
<p>American Academy of Dermatology Association แนะนำให้ระวังการแกะหรือดึงเล็บเจล และให้ความสำคัญกับการถอดอย่างเหมาะสม</p>
<h2>จุดที่ 4: พฤติกรรมหลังทำเล็บ</h2>
<p>เล็บเจลไม่ได้แปลว่าทนต่อทุกอย่าง ถ้าใช้เล็บงัดของ เปิดของแข็ง หรือปล่อยให้เล็บยาวเกินจนรับแรงมากขึ้น โอกาสบิ่น หลุด หรือเสียหายก็สูงขึ้น</p>
<h2>Jup POV</h2>
<p>[Jup POV] + [advice: อธิบายวิธีที่ Jup เช็กสภาพเล็บก่อนทำ และวิธีแนะนำลูกค้าหลังทำเล็บโดยไม่ฟันธงแทนแพทย์]</p>
<h2>สรุปสิ่งที่ควรทำก่อนทำเล็บครั้งต่อไป</h2>
<ul>
<li>บอกประวัติเล็บบาง เล็บพัง หรือการถอดเล็บครั้งก่อน</li>
<li>ถามว่าหน้าเล็บเหมาะกับบริการที่อยากทำไหม</li>
<li>อย่าแกะเล็บเองเมื่อเริ่มหลุด</li>
<li>ถ้ามีอาการผิดปกติ ให้หยุดเดาและปรึกษาผู้เชี่ยวชาญด้านสุขภาพ</li>
</ul>
<p>เป้าหมายไม่ใช่ทำให้กลัวการทำเล็บ แต่คือเลือกบริการและวิธีดูแลให้เหมาะกับเล็บจริงของคุณ</p>
","เล็บบางหรือเล็บพังหลังทำเล็บอาจเกี่ยวกับหลายปัจจัย ตั้งแต่การเตรียมหน้าเล็บ การถอด การแกะเอง ไปจนถึงสภาพเล็บเดิม","nails, nail-damage, MOFU, safety","2026-05-28","2026-05-28","/images/thumbnail-nail-service.png","การดูแลเล็บในร้านทำเล็บ","เล็บบางหรือเล็บพังหลังทำเล็บ ควรเช็กอะไร | Beautifill","บทความช่วยเช็กสาเหตุที่อาจเกี่ยวกับเล็บบางหรือเล็บพังหลังทำเล็บ โดยไม่วินิจฉัยโรคและเน้นคำถามที่ควรถามร้าน"